Pothole number,Bags used
103,0.81568
104,0.66678643
105,0.44736522
108,4.9514146
114,1.0596786
143,0.43775642
144,0.43775642
406,3.400614
434,1.8555684
450,2.1269488
470,0.48700997
473,0.59771514
479,0.43775642
1040,0.7556182
1086,0.43775642
1115,1.3025647
1134,0.47428557
1161,0.43775642
1162,0.43775642
1181,2.6866634
1198,0.45697966
1205,0.43775642
1250,0.5352905
1270,0.43775642
1278,0.44918844
1280,0.43775642
1296,0.50414276
1409,0.43775642
1430,0.43775642
1438,0.43775642
